﻿<skin name="WebPlayer" version="1.2" author="CenFun" email="cenfun@gmail.com" url="http://bbs.cenfun.com/"  mask_color="" show_tips="0">
<list xywh="0c, 48r, 100p, 100p" src="listbg.png" lock="1" display="0" group="A">
  <tree xywh="0c, 20c, 401, 348" align="left" font="Verdana" size="13" color="#ffffff,#FF8000" backgroundColor="#282828" /> 
  <scrollbar thumb_src="scrollbar_thumb.png" button_src="scrollbar_button.png" track_src="scrollbar_track.png" /> 
  <tree src="" show_delete="0" show_icon="1" image="default.png" image_width="100" image_height="75" row_height="86" /> 
  <search xywh="0c, -190c, 250, 18" align="left" font="Arial" size="12" color="#999999, #999999" borderColor="#666666" backgroundColor="#282828" value="请输入关键字" /> 
  </list>
  <console xywh="0, 0, 100P, 100p" src="vplayer.swf"  lock="1" display="1" group="A">
    <bt_play xywh="0, 0R, 45, 48" src="bt_play.png"/>
     <progress xywh="58, 17R, 125B, 10" thumb_src="progress_thumb.png" track_src="progress_track.png" thumb_autohide="0" />
    <time xywh="94R, 15R, 90, 16" align="center" font="Verdana" size="9" color="#ffffff" borderColor=""  bold="" shadow="1,90,#000000,0.5,4,4,1,3,true" />
   <volume xywh="-7R, 47R, 80, 11" thumb_src="volume_thumb.png" track_src="volume_track.png" src="volume.png" rotation="-90"/>
	<bt_mute xywh="45R, 0R, 45, 48" src="bt_mute.png" hover_volume="1" />
    <bt_fullscreen xywh="0R, 0R, 45, 48" src="bt_fullscreen.png" tips="全屏" />
  </console>
  <media xywh="0, 0, 100P, 100P"  mask="" lock="1" display="1" group="A">
    <video xywh="0, 0, 100P, 100P"/>
<video show_icon="0" show_buttons="0" />
  </media>
</skin>
