﻿<skin name="CMP Black" version="1.2" author="CenFun" email="cenfun@gmail.com" url="http://bbs.cenfun.com/"  mask_color="" show_tips="0">
  <console xywh="0, 0, 100P, 100p" src="vplayer.swf"  lock="1" display="1" group="A">
    <bt_play xywh="5, 4R, 20, 20" src="bt_play.png"/>
    <bt_stop xywh="30, 4R, 20, 20" src="bt_stop.png"/>
     <progress xywh="58, 8R, 125B, 10" thumb_src="progress_thumb.png" track_src="progress_track.png" thumb_autohide="0" />
    <time xywh="90R, 6R, 90, 16" align="center" font="Verdana" size="9" color="#ffffff" borderColor="" backgroundColor="#222222" bold="" shadow="1,90,#000000,0.5,4,4,1,3,true" />
   <volume xywh="-5R, 25R, 80, 8" thumb_src="volume_thumb.png" track_src="volume_track.png" src="volume.png" rotation="-90"/>
	<bt_mute xywh="60R, 4R, 20, 20" src="bt_mute.png" hover_volume="1" />
    <bt_fullscreen xywh="5R, 4R, 20, 20" src="bt_fullscreen.png" tips="全屏" />
  </console>
  <media xywh="0, 28R, 100P, 100P"  mask="" lock="1" display="1" group="A">
    <video xywh="0, 0, 100P, 100P"/>
<video show_icon="0" show_buttons="0" />
  </media>
</skin>
